id,vendor_id,pickup_datetime,dropoff_datetime,passenger_count,pickup_longitude,pickup_latitude,dropoff_longitude,dropoff_latitude,store_and_fwd_flag,distance_osrm,pickup_dist_NYC_center,dropoff_dist_NYC_center,speed_osrm,trip_duration,is_outlier
id1859156,1,2016-02-17 00:54:13,2016-02-17 01:36:27,3,-73.96925354003906,40.75404739379882,-73.5935821533203,41.04386520385742,N,46.7853,5.53318298532434,50.59754487654382,66.46688239936859,2534,True
id1092161,1,2016-04-15 22:35:08,2016-04-16 00:34:21,1,-73.78179168701173,40.644718170166016,-72.71139526367188,41.311519622802734,N,139.09879999999998,20.407204103217516,127.59305787441774,70.00638613169299,7153,True
id3770021,1,2016-02-17 18:59:56,2016-02-17 19:40:11,1,-73.86203765869139,40.76464080810546,-73.54215240478516,41.0522575378418,Y,63.1614,13.453886477459015,54.30927237099129,94.1536397515528,2415,True
id2185383,1,2016-01-24 13:10:30,2016-01-24 13:11:12,1,-73.51805114746092,41.09117126464844,-73.51805877685547,41.091167449951165,N,0.0,58.78740156069184,58.78665000098979,0.0,42,True
id0098463,1,2016-03-30 19:32:16,2016-03-30 20:25:26,2,-74.12672424316406,41.31916427612305,-73.93511962890625,40.82966613769531,N,81.38889999999999,68.10064306702135,14.291116077910871,91.84954231974922,3190,True
id1607279,1,2016-01-16 07:52:46,2016-01-16 07:57:07,1,-73.33402252197266,40.71603012084961,-73.33402252197266,40.71603012084961,N,0.0,56.78126787423068,56.78126787423068,0.0,261,True
id3300285,1,2016-06-22 13:50:12,2016-06-22 14:44:53,1,-73.78706359863281,40.64167022705078,-73.19326782226561,40.80948638916016,N,67.67439999999999,20.12471245147004,69.46021695892102,74.25414202986893,3281,True
id2888107,2,2016-01-05 11:25:56,2016-01-05 11:58:27,1,-73.8303985595703,40.80321502685546,-73.54256439208984,41.0461311340332,N,56.0789,17.907714381052294,53.8153446200894,103.4772116863147,1951,True
id0147490,1,2016-03-16 10:07:11,2016-03-16 11:27:14,1,-73.98604583740233,40.7612533569336,-73.4283676147461,40.86968612670898,N,57.7816,5.638503831344194,51.77159532049975,43.3091317926296,4803,True
id2000225,2,2016-01-15 20:25:02,2016-01-15 21:10:39,1,-73.8631820678711,40.76941680908203,-73.84963989257811,41.1811408996582,N,58.0815,13.603050013200876,53.65111068177662,76.39510412860795,2737,True
id2331972,2,2016-02-09 12:14:45,2016-02-09 12:14:49,1,-73.41297912597656,40.734161376953125,-73.41297912597656,40.734161376953125,N,0.0,50.15788637809153,50.15788637809153,0.0,4,True
id2791549,1,2016-03-21 14:52:01,2016-03-21 14:53:45,1,-73.53921508789062,41.05020904541016,-73.53922271728516,41.050174713134766,N,0.0,54.331053486457854,54.32796577014423,0.0,104,True
id0479538,1,2016-01-02 20:50:36,2016-01-02 22:18:34,1,-73.7898712158203,40.64340972900391,-73.6842498779297,41.334739685058594,N,92.9706,19.83053726248327,74.1808909900118,63.41306555513452,5278,True
id1311087,1,2016-02-29 12:16:29,2016-02-29 18:47:09,3,-75.45591735839844,39.803932189941406,-73.7960205078125,40.70772552490234,N,63.7632,159.3669797637507,17.752741090779164,9.792982935153583,23440,True
id3177399,2,2016-01-07 18:26:46,2016-01-07 19:24:55,1,-73.8670196533203,40.77081298828125,-73.45597076416014,40.881290435791016,N,49.7891,13.390248618118136,50.04756384102078,51.37310404127257,3489,True
id1493150,2,2016-02-28 22:13:20,2016-02-28 23:31:55,2,-73.99072265625,40.74985122680664,-73.25847625732422,41.143020629882805,N,98.144,4.312145903036472,79.03618358023385,74.93497348886532,4715,True
id1162751,1,2016-03-02 21:56:51,2016-03-02 21:59:18,1,-74.07528686523438,40.22580337524414,-74.0751724243164,40.22579956054688,N,0.0,54.396181600622086,54.39555521857867,0.0,147,True
id1889528,1,2016-03-18 15:53:58,2016-03-18 16:05:12,1,-74.1951446533203,43.48688507080078,-74.1951446533203,43.48688507080078,N,0.0,308.52890058076207,308.52890058076207,0.0,674,True
id2306955,1,2016-05-07 18:58:53,2016-05-07 19:12:05,1,-72.80966949462889,51.88108444213867,-73.98722839355469,40.7505989074707,N,559.3501,1244.8035252940506,4.487064511384383,2542.5004545454544,792,True
id1367238,1,2016-06-20 11:20:13,2016-06-20 11:37:49,1,-73.77405548095702,41.157371520996094,-73.70561981201173,41.07108688354492,N,13.3109,53.09467541784249,47.15821481541815,45.37806818181818,1056,True
id3271974,1,2016-01-27 09:24:36,2016-01-27 10:04:33,1,-73.7821273803711,40.644546508789055,-73.40513610839844,40.777923583984375,N,47.314800000000005,20.387947480878328,51.26045342956645,71.06102628285358,2397,True
id2172310,2,2016-06-08 17:25:27,2016-06-08 18:44:37,1,-73.87287139892578,40.77406692504882,-73.7254638671875,41.19739532470703,N,63.2453,13.142280045155015,58.77059709193225,47.93328,4750,True
id3759923,2,2016-03-11 14:51:43,2016-03-11 17:37:55,1,-73.79005432128906,40.64680099487305,-74.60243225097656,40.3388671875,N,60.1569,19.672466652997844,65.40884565263563,21.717292418772562,9972,True
id2769862,1,2016-02-06 15:43:15,2016-02-06 15:50:12,1,-77.89601898193358,37.77777099609375,-77.89601898193358,37.77777099609375,N,0.0,467.8190948119442,467.8190948119442,0.0,417,True
id2700643,2,2016-06-01 14:45:27,2016-06-01 15:00:33,2,-73.35372924804686,40.32448959350586,-73.35372924804686,40.32448959350586,N,0.0,70.10509894723545,70.10509894723545,0.0,906,True
id0594373,1,2016-04-07 00:54:10,2016-04-07 01:44:23,1,-73.98796844482422,40.75963973999024,-73.56462097167967,41.10778045654297,N,67.45089999999999,5.419914337296395,57.50447845420296,80.59184865582475,3013,True
id3333018,2,2016-06-22 11:40:46,2016-06-22 11:48:27,6,-73.67906951904298,40.21383666992188,-73.98236083984375,40.7671127319336,N,46.0741,61.957547358712624,6.353277834662624,359.79774403470714,461,True
id3462546,2,2016-02-13 00:10:59,2016-02-13 01:05:59,1,-73.77674865722656,40.645118713378906,-73.20551300048828,40.84806060791016,N,70.72139999999999,20.787638199358163,69.22119232354031,77.15061818181817,3300,True
id2108994,1,2016-05-19 11:29:19,2016-05-19 12:38:19,1,-73.78879547119139,40.64227294921875,-73.68467712402342,41.20159530639648,N,74.0005,19.963696815606987,60.64946467187806,64.34826086956522,4140,True
id1703300,2,2016-04-26 16:46:00,2016-04-26 16:47:00,1,-77.03943634033203,38.89884948730469,-77.03943634033203,38.89884948730469,N,0.0,328.66382397738164,328.66382397738164,0.0,60,True
id2298947,2,2016-04-14 15:53:00,2016-04-14 15:54:00,1,-77.03943634033203,38.89884948730469,-77.03943634033203,38.89884948730469,N,0.0,328.66382397738164,328.66382397738164,0.0,60,True
id3765151,1,2016-04-09 12:20:12,2016-04-09 13:28:22,1,-73.99214172363281,40.75185012817384,-74.64753723144531,40.29328918457031,N,46.3475,4.491706210673393,71.60405234587486,40.79486552567237,4090,True
id2132644,2,2016-02-03 08:35:17,2016-02-03 10:20:33,2,-73.95984649658203,40.78238296508789,-74.77542877197266,40.36453628540039,N,54.0949,8.654599275013615,75.79347056551028,30.83306523115896,6316,True
id1132328,1,2016-03-11 23:21:36,2016-03-12 00:06:19,1,-73.86971282958984,40.7713737487793,-73.53496551513672,41.05530548095703,N,65.5029,13.22176890841733,54.97989373794398,87.89058516585911,2683,True
id0978162,1,2016-02-24 16:20:59,2016-02-24 16:35:34,4,-75.35433197021484,34.71223449707031,-73.83492279052734,32.1811408996582,N,0.3609,676.5117350620541,946.864168156446,1.4848457142857143,875,True
id2778014,2,2016-01-17 16:43:09,2016-01-17 16:50:16,1,-73.99708557128906,40.72892379760742,-72.67115020751953,40.614219665527344,N,135.75979999999998,1.9424840015807896,113.40551847008042,1144.5791100702575,427,True
id1194478,1,2016-05-18 06:42:50,2016-05-18 07:28:06,1,-73.99351501464844,40.7501106262207,-74.7113265991211,40.64425659179688,N,41.9275,4.275425003346784,60.11383582142785,55.5740058910162,2716,True
id2300022,1,2016-01-30 12:06:28,2016-01-30 13:00:11,2,-73.78041076660156,40.645313262939446,-73.36492156982422,40.88548278808594,N,56.9671,20.4913490843796,57.39857610080488,63.63064225876513,3223,True
id2700548,1,2016-04-12 20:47:39,2016-04-12 21:45:54,1,-73.97072601318358,40.76103973388672,-73.56640625,41.0337371826172,N,45.4286,6.129829783023627,51.41385741518319,46.79340772532189,3495,True
id0051303,1,2016-04-03 23:01:54,2016-04-03 23:02:54,1,-74.52157592773438,40.43629455566406,-74.52157592773438,40.43632125854492,N,0.0,53.37221096621227,53.370498099319406,0.0,60,True
id0116107,1,2016-03-09 23:47:43,2016-03-09 23:47:48,1,-73.67832946777344,41.29219818115234,-73.67832946777344,41.29219818115234,N,0.0,70.00113588779585,70.00113588779585,0.0,5,True
id1267258,1,2016-03-21 16:45:48,2016-03-21 18:10:26,1,-73.86390686035155,40.77019882202149,-74.61315155029298,40.584426879882805,N,52.0121,13.589246433720518,53.29492023744126,36.87348562426152,5078,True
id3466154,1,2016-02-04 00:53:08,2016-02-04 01:41:44,1,-73.84614562988281,40.74128341674805,-73.11042022705078,40.80647659301758,N,67.284,13.870181569182447,76.33463010756746,83.06666666666666,2916,True
id0349103,2,2016-06-12 13:43:10,2016-06-12 14:38:28,1,-73.78594207763672,40.64543914794922,-73.53611755371092,41.04938888549805,N,76.21239999999999,20.05161171723529,54.45802584583809,82.68976491862567,3318,True
id2223655,2,2016-05-16 15:22:41,2016-05-16 16:17:51,2,-73.5937957763672,40.68701171875,-73.11195373535155,40.79813766479492,N,51.0696,34.95517038860442,76.09015674844083,55.54397583081571,3310,True
id2265350,2,2016-02-06 10:37:21,2016-02-06 11:16:04,1,-73.22949981689453,40.75473785400391,-73.22949981689453,40.75473785400391,N,0.0,65.7580592844007,65.7580592844007,0.0,2323,True
id0116374,1,2016-04-02 20:33:19,2016-04-02 20:38:01,1,-74.00709533691406,40.71711349487305,-76.96324157714844,38.9460334777832,N,42.1706,0.4878661194375833,320.2319431349925,538.348085106383,282,True
id3172750,2,2016-03-21 12:37:51,2016-03-21 13:12:29,1,-73.92180633544923,40.79501724243164,-73.5374298095703,41.05503845214844,N,62.18,11.571984179794262,54.80960015801907,107.7228103946102,2078,True
id3394296,2,2016-03-05 03:59:51,2016-03-05 05:26:23,1,-73.99147033691406,40.749778747558594,-74.72850799560547,40.88719940185546,N,149.69279999999998,4.285953561280899,63.97345975455767,103.79315870570106,5192,True
id3476102,1,2016-02-19 20:03:37,2016-02-19 21:32:20,1,-73.78484344482422,40.64850616455078,-73.62599182128906,41.48075485229492,N,110.113,20.0134042886084,91.06504166254832,74.47056171331955,5323,True
id0982904,1,2016-04-28 13:32:14,2016-04-28 14:14:09,2,-73.87068176269531,40.77359771728516,-79.81797790527342,38.96385192871094,N,716.3777,13.274308894308792,533.8957393886955,1025.4313001988073,2515,True
id2970624,1,2016-03-09 23:50:17,2016-03-09 23:50:44,1,-73.67832946777344,41.29219818115234,-73.67832946777344,41.29219818115234,N,0.0,70.00113588779585,70.00113588779585,0.0,27,True
id2321357,2,2016-05-10 19:40:22,2016-05-10 20:20:37,1,-73.86927795410156,40.770706176757805,-73.53477478027344,41.05157852172852,N,64.0791,13.217585312151742,54.70685200468464,95.5216397515528,2415,True
id1257293,1,2016-02-06 19:56:23,2016-02-06 20:36:27,1,-73.88333129882812,40.72852325439453,-73.34420013427734,40.79053497314453,N,53.8485,10.51025050364716,56.551701093737776,80.63835274542429,2404,True
id0939031,1,2016-02-09 08:27:17,2016-02-09 09:22:31,1,-73.78179931640625,40.644805908203125,-73.41726684570312,40.7830467224121,N,48.1032,20.40298581845234,50.3295223715756,52.254532287266144,3314,True
id3290660,1,2016-06-07 16:46:19,2016-06-07 18:16:36,3,-73.78105926513672,40.64497756958008,-73.17078399658203,40.81502914428711,N,69.30080000000001,20.454073056970174,71.42881433324878,46.05554365885177,5417,True
id1807464,2,2016-03-07 10:35:38,2016-03-07 11:35:04,3,-73.79081726074217,40.64405059814453,-73.05597686767578,40.81678009033203,N,80.2765,19.729137251288225,81.04025754793913,81.04189568143579,3566,True
id1245825,1,2016-03-25 12:02:22,2016-03-25 12:27:08,1,-70.85161590576172,43.017578125,-70.85161590576172,43.017578125,N,0.0,366.1717302155032,366.1717302155032,0.0,1486,True
id0437390,1,2016-04-04 13:30:31,2016-04-04 14:39:47,4,-73.98746490478516,40.74739456176758,-73.17093658447266,40.815059661865234,N,74.6243,4.1485219694153,71.41661742765041,64.64087584215592,4156,True
id3296837,2,2016-04-15 07:42:28,2016-04-15 09:03:30,1,-73.78975677490233,40.6470184326172,-73.4261474609375,41.149658203125,N,96.9085,19.686813116038856,68.83752467201953,71.75454545454546,4862,True
id3985896,2,2016-03-31 23:25:26,2016-04-01 00:18:02,2,-73.98133087158203,40.69598007202149,-73.25254058837889,40.724708557128906,N,73.6481,2.799124591298779,63.67468041854176,84.00923954372624,3156,True
id1393260,1,2016-05-18 02:42:05,2016-05-18 02:42:30,2,-72.92660522460938,41.297847747802734,-72.92660522460938,41.2978401184082,N,0.0,111.65598792949956,111.65549916897317,0.0,25,True
id2663579,2,2016-03-12 22:52:33,2016-03-13 00:11:25,1,-73.78935241699219,40.64344024658203,-74.72581481933594,40.88972091674805,N,164.2141,19.86964098063632,63.84141092301634,124.9304226542688,4732,True
id2066082,1,2016-01-25 23:53:17,2016-01-26 01:25:46,1,-73.87771606445312,40.77216720581056,-72.90589141845702,41.31983184814453,N,103.0383,12.683153032970504,114.4854841976518,66.84769868444765,5549,True
id0912270,1,2016-05-21 12:35:43,2016-05-21 13:52:54,1,-73.97968292236328,40.76716995239258,-74.12621307373048,41.318458557128906,N,89.3041,6.433913831016186,68.01674593075296,69.42231915353057,4631,True
id1595322,1,2016-04-27 08:58:44,2016-04-27 08:59:35,1,-73.80294799804686,41.211158752441406,-73.80294799804686,41.21116256713867,N,0.0002,57.9239153839307,57.92432002364343,0.014117647058823532,51,True
id2823997,1,2016-06-05 01:56:00,2016-06-05 01:59:44,1,-70.51190185546875,42.45894241333008,-70.51190185546875,42.45894241333008,N,0.0,349.9527090780117,349.9527090780117,0.0,224,True
id3100850,2,2016-02-16 01:29:06,2016-02-16 01:29:32,1,-73.53501892089844,41.05287170410156,-73.53508758544923,41.05270004272461,N,0.0,54.79052364170223,54.77322876158027,0.0,26,True
id3344191,2,2016-05-29 12:36:01,2016-05-29 13:34:13,1,-73.80735015869139,40.65511322021485,-73.5677032470703,41.04730987548828,N,74.1553,17.973369691197394,52.39016094867236,76.44876288659793,3492,True
id0410367,2,2016-05-06 21:25:37,2016-05-06 22:15:16,1,-73.98683929443358,40.77159118652344,-73.77548980712889,41.149898529052734,N,50.5407,6.726289560247972,52.27927953112052,61.0763746223565,2979,True
id2348143,2,2016-02-28 04:46:46,2016-02-28 05:16:41,1,-73.22267913818358,40.75949478149414,-73.22267913818358,40.75949478149414,N,0.0,66.36961079760876,66.36961079760876,0.0,1795,True
id1723416,1,2016-03-20 21:07:56,2016-03-20 21:12:35,1,-78.54740142822266,40.81713104248047,-79.7861328125,40.91763687133789,N,161.9332,383.5777491296609,488.1092510426013,2089.4606451612904,279,True
id3656129,1,2016-06-23 19:55:14,2016-06-23 19:59:13,1,-73.38465881347656,40.8350715637207,-73.3846664428711,40.835060119628906,N,0.0011,54.183623647617225,54.182686011882,0.016569037656903766,239,True
id2122095,2,2016-01-10 21:07:19,2016-01-10 22:14:51,2,-73.78179931640625,40.6446533203125,-74.6131134033203,40.5846061706543,N,56.1215,20.40928261551301,53.286422915480216,49.86115498519249,4052,True
id3569455,2,2016-02-01 21:02:50,2016-02-01 22:25:00,5,-73.87577056884764,40.7735710144043,-72.95458984375,40.96353149414063,N,91.499,12.90455201982804,92.9445490136517,66.81468559837728,4930,True
id0371884,2,2016-01-25 08:34:37,2016-01-25 09:48:06,1,-73.86351776123048,40.769630432128906,-74.66364288330078,40.7114486694336,N,52.102,13.58889672744277,55.57101633908255,42.54189158539351,4409,True
id0806322,1,2016-04-08 01:05:54,2016-04-08 02:45:01,1,-73.99241638183594,40.75383377075195,-73.71180725097656,41.36059188842773,N,80.57539999999999,4.699001433866798,76.07471379486692,48.77609551034134,5947,True
id0905246,1,2016-05-21 07:12:48,2016-05-21 07:13:46,1,-73.85301208496092,41.194454193115234,-73.85301208496092,41.1944580078125,N,0.0003,55.01815938141499,55.01857117193971,0.018620689655172412,58,True
id3315556,2,2016-06-19 07:27:51,2016-06-19 07:28:33,1,-73.42835998535155,40.895801544189446,-73.42835998535155,40.895790100097656,N,0.0004,52.80997086581056,52.80948568718423,0.03428571428571429,42,True
id0401529,2,2016-06-02 15:19:35,2016-06-02 15:32:59,1,-73.98075103759764,40.757110595703125,-74.24005126953125,38.47829818725586,N,50.2847,5.362981308984871,248.90271957704735,225.15537313432836,804,True
id2209294,1,2016-05-22 16:50:00,2016-05-22 16:52:54,1,-75.52462005615233,39.44114685058594,-75.52462005615233,39.44114685058594,N,0.0,191.6091301701399,191.6091301701399,0.0,174,True
id0013022,2,2016-05-17 21:58:44,2016-05-17 21:59:46,1,-73.68694305419923,41.2568817138672,-73.68692016601561,41.25688934326172,N,0.0019,66.11924649042098,66.12080233642918,0.11032258064516129,62,True
id2344725,2,2016-02-12 12:51:26,2016-02-12 13:02:50,1,-75.24149322509764,41.430660247802734,-75.57015228271484,41.20147705078125,N,0.0,130.90771845142555,142.42678005076775,0.0,684,True
id3323974,1,2016-02-17 13:06:03,2016-02-17 13:06:25,1,-73.70166015625,41.27589797973633,-73.70166015625,41.27589797973633,N,0.0,67.57416554791952,67.57416554791952,0.0,22,True
id0561139,2,2016-04-26 13:58:17,2016-04-26 14:39:05,1,-73.88887786865233,40.76667404174805,-73.53517150878906,41.051307678222656,N,66.6039,11.561082425243304,54.6619502179279,97.94691176470587,2448,True
id0083561,1,2016-02-14 22:14:02,2016-02-14 22:15:47,1,-74.61244201660156,40.355712890625,-74.61250305175781,40.35560989379882,N,0.0,64.901949864858,64.91306245854119,0.0,105,True
id2977848,1,2016-04-15 02:01:13,2016-04-15 02:51:54,1,-73.9949722290039,40.7690658569336,-73.41812133789062,41.101844787597656,N,94.8183,6.317307002532912,65.72546802357644,112.24790529431107,3041,True
id3857968,2,2016-03-28 22:07:46,2016-03-28 22:08:33,1,-73.70622253417967,41.12068176269531,-73.70636749267578,41.12078857421875,N,0.0132,51.86018248282736,51.86458953014865,1.011063829787234,47,True
id0500182,1,2016-05-16 22:29:16,2016-05-16 23:05:40,1,-73.78112030029298,40.64496612548828,-73.34192657470702,40.77973556518555,N,51.0962,20.449745244410625,56.57592742520125,84.2245054945055,2184,True
id2528592,1,2016-05-19 07:58:11,2016-05-19 08:08:43,1,-71.88164520263672,43.91176223754882,-71.88164520263672,43.91176223754882,N,0.0,396.119504264605,396.119504264605,0.0,632,True
id2355744,1,2016-03-20 23:50:46,2016-03-21 00:36:39,2,-73.77664184570312,40.645332336425774,-73.41119384765625,40.7532615661621,N,43.3754,20.78746717801921,50.44590796355956,56.720464947330186,2753,True
id0235873,1,2016-06-18 03:28:09,2016-06-18 04:29:26,2,-73.98631286621094,40.755802154541016,-74.56675720214844,40.27103042602539,N,47.4399,5.056624962548939,68.31160131259934,46.446461789502315,3677,True
id3651505,2,2016-05-22 19:50:20,2016-05-22 20:56:05,1,-73.99724578857422,40.71662902832031,-73.28710174560547,40.71332550048828,N,71.1313,0.8532075286936597,60.74603917189686,64.91069201520912,3945,True
id3233153,2,2016-01-26 14:43:19,2016-01-26 15:22:10,1,-73.87544250488281,40.77362060546875,-73.58450317382812,41.04035949707031,N,41.522,12.93104981446078,50.84774041317939,64.12664092664093,2331,True
id3373882,2,2016-02-27 04:36:49,2016-02-27 04:37:17,1,-73.24806213378906,41.221168518066406,-73.24806976318358,41.22119140625,N,0.0,85.19237062469155,85.19356591010077,0.0,28,True
id1125911,2,2016-02-14 09:01:52,2016-02-14 09:07:09,2,-72.07433319091797,35.310306549072266,-72.02240753173828,35.173545837402344,N,0.0,623.1429531855152,639.0244134317203,0.0,317,True
id0267429,1,2016-02-22 20:25:33,2016-02-22 20:41:34,2,-65.848388671875,34.35969543457031,-65.848388671875,34.35969543457031,N,0.0,1007.5792019282612,1007.5792019282612,0.0,961,True
id1930917,2,2016-02-29 11:23:10,2016-02-29 12:19:48,1,-73.78034973144531,40.6460189819336,-73.53768920898438,41.0600814819336,N,76.7136,20.46753339233337,55.18271351894476,81.27397292525015,3398,True
id3301642,2,2016-05-19 12:53:00,2016-05-19 12:54:00,1,-77.03943634033203,38.89884948730469,-77.03943634033203,38.89884948730469,N,0.0,328.66382397738164,328.66382397738164,0.0,60,True
id1974018,1,2016-01-22 16:52:09,2016-01-22 16:58:18,2,-61.33552932739258,37.851051330566406,-61.33552932739258,37.851051330566406,N,0.0,1137.2708135465905,1137.2708135465905,0.0,369,True
id3554786,1,2016-03-15 22:03:43,2016-03-15 22:54:08,1,-73.87516021728516,40.77391815185546,-73.73363494873048,41.18718719482422,N,60.0967,12.968628399516929,57.45699124543517,71.52003966942148,3025,True
id3359326,2,2016-02-25 18:26:59,2016-02-25 19:41:21,1,-73.80573272705078,40.651588439941406,-73.29052734375,41.13914108276367,N,95.0835,18.243795645564244,76.63750808892367,76.71461228148813,4462,True
id1720250,2,2016-04-28 07:40:00,2016-04-28 08:54:28,1,-73.86396026611328,40.76985549926758,-72.72073364257811,40.91910552978516,N,106.8762,13.567443583045252,110.829032509953,86.11332139659804,4468,True
id3197559,1,2016-06-09 07:52:50,2016-06-09 09:02:56,1,-73.77677917480467,40.64543151855469,-73.41919708251953,40.77838516235352,N,45.2888,20.772655338728462,50.092312125523534,38.76359486447932,4206,True
id1499620,2,2016-05-02 22:41:54,2016-05-02 22:43:34,1,-73.42649841308595,41.139198303222656,-73.42649841308595,41.139198303222656,N,0.0,68.00539126186393,68.00539126186393,0.0,100,True
id0132907,2,2016-01-26 02:37:42,2016-01-26 02:40:20,1,-73.90338897705078,41.68751907348633,-73.90338897705078,41.68751907348633,N,0.0,108.59174736893158,108.59174736893158,0.0,158,True
id1948053,2,2016-03-23 10:30:14,2016-03-23 10:38:10,1,-73.90572357177734,41.69679641723633,-73.90485382080078,41.69335174560546,N,0.766,109.60369912087457,109.227899150837,5.7932773109243705,476,True
id2767862,2,2016-05-17 20:29:57,2016-05-17 22:27:41,2,-73.97689056396483,40.75188827514648,-73.62864685058594,41.42140579223633,N,92.774,4.988830475802519,84.8451101428982,47.28006795016987,7064,True
id2341429,2,2016-01-11 23:57:42,2016-01-11 23:58:07,1,-73.33091735839844,40.7002410888672,-73.33281707763672,40.699661254882805,N,0.1726,57.066292118958806,56.90766235025811,24.854400000000002,25,True
id1224458,1,2016-04-07 23:19:52,2016-04-07 23:20:13,1,-73.89759826660156,41.31787872314453,-73.89759826660156,41.31787872314453,N,0.0,67.81235273064975,67.81235273064975,0.0,21,True
id3298126,1,2016-03-17 11:54:40,2016-03-17 11:55:15,2,-73.40161895751953,40.7113151550293,-73.40161895751953,40.71131896972656,N,0.0001,51.070524707823246,51.070521884590654,0.010285714285714285,35,True
id0660374,1,2016-02-03 19:10:08,2016-02-03 19:10:42,1,-73.55039978027344,41.043556213378906,-73.55039978027344,41.043556213378906,N,0.0,53.14038959340044,53.14038959340044,0.0,34,True
id3776397,2,2016-05-02 15:13:40,2016-05-02 15:14:34,2,-73.54817962646483,41.06903839111328,-73.54808044433594,41.068939208984375,N,0.0,55.25971270518795,55.2576848474595,0.0,54,True
id1516860,2,2016-04-23 21:32:02,2016-04-23 22:25:59,2,-73.97091674804686,40.75820159912109,-73.561767578125,41.06317138671875,N,67.3034,5.8482503715726,53.99613779087622,74.85086190917515,3237,True
id2400204,2,2016-04-22 14:26:06,2016-04-22 14:27:20,2,-73.23799896240233,40.82561874389648,-73.22501373291014,40.82419967651367,N,1.1077,66.03981188258395,67.0879828783004,53.8881081081081,74,True
id1858895,2,2016-06-04 13:54:29,2016-06-05 13:40:30,5,-73.99872589111328,40.73991394042969,-74.0755386352539,41.28179550170898,N,86.2898,3.073038392621744,63.45943576437501,3.6306644382370474,85561,True
id1146400,1,2016-02-15 18:57:32,2016-02-15 19:02:35,2,-73.98991394042967,40.75663375854492,-70.34607696533203,36.39812088012695,N,133.314,5.053784907602393,575.3462775496021,1583.928712871287,303,True
id1970472,2,2016-05-01 15:09:22,2016-05-01 16:12:07,1,-73.7822036743164,40.64468002319336,-73.53517913818358,41.05118942260742,N,77.0096,20.376433514423383,54.652478213399256,73.63467729083665,3765,True
id1001696,1,2016-02-24 21:02:32,2016-02-24 21:25:57,1,-73.97236633300781,40.7586326599121,-79.55353546142578,43.67399978637695,N,671.3516,5.828911536715563,563.8452831605975,1720.1891530249109,1405,True
id0947957,2,2016-05-10 11:56:48,2016-05-10 12:47:46,2,-73.86676025390625,40.77151107788086,-73.42820739746092,41.11587905883789,N,97.6336,13.446821963784004,66.12852868700632,114.93818181818182,3058,True
id3125281,1,2016-02-24 21:41:40,2016-02-24 23:00:20,1,-74.00936126708984,40.708927154541016,-73.41510772705078,41.1492919921875,N,103.3839,0.5154003763196487,69.47195538602774,78.85212711864406,4720,True
id1512695,2,2016-06-10 09:46:04,2016-06-10 10:35:27,3,-73.98990631103516,40.76736831665039,-73.8316650390625,41.17091751098633,N,53.2627,6.210347335374426,52.95096174182073,64.71337158285522,2963,True
id0784573,1,2016-03-28 17:55:13,2016-03-28 18:08:15,2,-77.4407501220703,36.02930068969727,-77.4407501220703,36.02930068969727,N,0.0,600.1829429731773,600.1829429731773,0.0,782,True
id0528795,1,2016-03-25 02:02:56,2016-03-25 02:03:38,1,-73.44600677490233,40.89518737792969,-73.44600677490233,40.89518737792969,Y,0.0,51.412039131170125,51.412039131170125,0.0,42,True
id0625588,2,2016-05-25 17:19:49,2016-05-25 18:51:08,2,-73.78138732910156,40.64484024047852,-73.54660034179686,41.053321838378906,N,76.939,20.433934461666368,54.12232771437287,50.55309363022449,5479,True
id3525158,1,2016-01-15 14:01:34,2016-01-15 14:07:59,1,-68.77843475341797,36.11853790283203,-68.77843475341797,36.11853790283203,N,0.0,684.2068889045255,684.2068889045255,0.0,385,True
id3623083,2,2016-03-08 06:33:32,2016-03-08 06:33:36,1,-73.89604187011719,41.21695327758789,-73.89603424072266,41.21694564819336,N,0.0,56.74782653637709,56.74709542530648,0.0,4,True
id1510552,2,2016-01-06 20:40:52,2016-01-06 20:51:03,5,-71.79989624023438,35.0815315246582,-79.35283660888672,40.436328887939446,N,765.6445,654.4004655481726,453.70614761285645,4511.162356792144,611,True
id2727007,1,2016-03-14 07:43:34,2016-03-14 08:52:54,1,-73.86398315429686,40.770069122314446,-73.4098358154297,40.7712287902832,N,46.489,13.576813225766587,50.76966964357897,40.230865384615385,4160,True
id0687776,2,2016-04-28 20:22:43,2016-04-28 22:01:25,1,-73.99192810058595,40.75103378295898,-72.91229248046875,41.38899230957031,N,100.444,4.409081236863336,118.71506221371789,61.06018237082067,5922,True
id1771521,1,2016-01-07 06:42:56,2016-01-07 07:26:46,1,-73.77681732177734,40.6458396911621,-73.3240737915039,40.84578704833984,N,58.6255,20.753308397757937,59.4289488326021,80.24783269961978,2630,True
id3626673,1,2016-05-05 18:02:50,2016-05-05 18:18:23,1,-73.97891235351561,40.75676345825195,-79.3386993408203,41.42790222167969,N,690.2296,5.391692709871976,455.0936216782134,2663.265337620579,933,True
id0563093,2,2016-05-28 00:08:26,2016-05-28 00:52:26,1,-73.7812957763672,40.644886016845696,-73.3722152709961,40.83087158203125,N,55.8515,20.43924527546562,55.0900003420734,76.16113636363637,2640,True
id0997629,1,2016-05-01 00:40:34,2016-05-01 01:26:43,1,-73.78195190429686,40.64473724365234,-73.19065856933594,40.795658111572266,N,66.5345,20.39383584220004,69.46491538208213,86.5020585048754,2769,True
id3535903,1,2016-06-03 19:33:10,2016-06-03 19:33:55,1,-73.32998657226561,40.775028228759766,-73.32998657226561,40.775028228759766,N,0.0,57.51259615319304,57.51259615319304,0.0,45,True
id1122429,1,2016-04-05 00:05:55,2016-04-05 00:06:04,1,-73.53226470947266,41.054214477539055,-73.53226470947266,41.054214477539055,N,0.0,55.0612215971008,55.0612215971008,0.0,9,True
id3411872,1,2016-04-08 16:27:07,2016-04-08 18:02:26,3,-74.00244140625,40.73993682861328,-73.90088653564453,41.387001037597656,N,86.6142,3.028466628920178,75.39299425646948,54.52196537856268,5719,True
id0838705,1,2016-02-26 19:50:03,2016-02-26 20:08:54,1,-66.97216033935547,44.37194442749024,-69.04801940917969,43.1475830078125,N,,706.017903382147,492.0408335227486,,1131,True
id3777240,2,2016-01-27 18:26:40,2016-01-27 18:45:05,2,-121.93323516845705,37.38929748535156,-121.93320465087892,37.389102935791016,N,0.0,4113.674804937593,4113.679810979003,0.0,1105,True
id0091982,2,2016-01-11 17:22:12,2016-01-11 19:06:21,1,-73.78988647460938,40.64376831054688,-73.04737854003906,41.23573684692384,N,90.5581,19.81386377067379,99.41056859338124,52.1698127700432,6249,True
id2161388,2,2016-06-19 02:55:52,2016-06-19 04:51:10,1,-73.98892211914062,40.718658447265625,-73.5680389404297,41.048221588134766,N,72.4726,1.582880265491576,52.44190253402152,37.71340849956635,6918,True
id1561128,2,2016-01-28 21:43:02,2016-01-29 21:33:30,1,-73.9504623413086,40.77579879760742,-73.65480041503906,41.084320068359375,N,59.079,8.422934893244344,50.77389835746478,2.478030479563779,85828,True
id2644780,1,2016-05-03 16:24:07,2016-05-03 17:18:34,2,-73.99132537841797,40.7500228881836,-79.51861572265625,43.92102813720703,N,671.6565,4.315437650989551,577.2898211743096,740.1173553719009,3267,True
id2156521,1,2016-06-02 20:43:52,2016-06-02 22:13:32,3,-73.78115844726561,40.6448974609375,-74.55001068115233,40.435646057128906,N,59.9926,20.44956643759194,55.39903792483258,40.14374721189591,5380,True
id2818049,1,2016-05-31 04:35:17,2016-05-31 04:35:58,3,-73.88245391845702,41.189956665039055,-73.8824462890625,41.189956665039055,N,0.0002,54.001003592667786,54.0011273340178,0.0175609756097561,41,True
id0201821,1,2016-06-20 12:28:41,2016-06-20 13:15:41,1,-73.86334228515625,40.77001953125,-73.41239929199219,40.73409652709961,N,49.6555,13.62209501532635,50.206503666350144,63.39000000000001,2820,True
id2063668,2,2016-05-27 15:49:49,2016-05-27 15:52:14,2,-73.09227752685547,40.95363998413086,-73.09217834472656,40.953651428222656,N,0.0012,81.57799747648667,81.58631108192925,0.02979310344827586,145,True
id2874133,1,2016-05-16 19:38:31,2016-05-16 20:18:24,1,-73.7768325805664,40.64547348022461,-73.4144058227539,40.78807067871094,N,46.523300000000006,20.766759641296293,50.6554506679993,69.98908483075638,2393,True
id0678254,1,2016-04-23 04:23:50,2016-04-23 04:24:20,1,-73.5429458618164,41.04533386230469,-73.5429458618164,41.04532623291016,N,0.0,53.73129050724448,53.73070982576419,0.0,30,True
id3843701,1,2016-02-18 23:21:28,2016-02-19 00:09:05,1,-73.99039459228516,40.71951675415039,-73.83625030517578,41.147003173828125,N,56.7901,1.5149251301995112,50.29423370958055,71.55910395519776,2857,True
id0119033,2,2016-03-20 08:56:17,2016-03-20 09:11:37,1,-73.2227020263672,40.759571075439446,-73.2227020263672,40.759571075439446,N,0.0,66.36830816692387,66.36830816692387,0.0,920,True
id2198513,2,2016-01-22 00:17:34,2016-01-22 00:17:42,1,-74.70536804199219,40.27629089355469,-74.70536041259764,40.27627944946289,N,0.0,76.58059186392633,76.58089935772402,0.0,8,True
id3306150,2,2016-04-18 16:49:00,2016-04-18 16:52:00,1,-77.03943634033203,38.89884948730469,-77.03943634033203,38.89884948730469,N,0.0,328.66382397738164,328.66382397738164,0.0,180,True
id3195590,2,2016-06-08 18:09:10,2016-06-08 19:13:39,1,-73.78358459472656,40.648601531982415,-73.5374984741211,41.06003189086913,N,75.8385,20.109091268175707,55.19037456282493,70.56567588524166,3869,True
id2871847,1,2016-02-25 21:08:07,2016-02-25 21:51:23,1,-73.86402893066406,40.77029037475586,-73.78269958496092,41.15839767456056,N,56.7235,13.584909146626234,52.93764755113549,78.66124807395994,2596,True
id2854272,2,2016-02-26 13:50:19,2016-02-26 13:58:38,2,-121.93334197998048,37.389381408691406,-121.9333038330078,37.38951110839844,N,0.0,4113.680416639017,4113.672225480903,0.0,499,True
id0292710,2,2016-03-18 00:51:41,2016-03-18 00:52:09,1,-74.58442687988281,40.394729614257805,-74.58442687988281,40.394718170166016,N,0.0,60.39687698323234,60.397623516655536,0.0,28,True
id0896463,1,2016-04-10 16:08:45,2016-04-10 16:09:38,1,-72.42122650146483,40.88347244262695,-72.42122650146483,40.88347244262695,N,0.0,135.07551932317705,135.07551932317705,0.0,53,True
id3518015,1,2016-04-14 22:48:31,2016-04-14 23:01:50,1,-72.59101867675781,43.13965225219727,-72.59101867675781,43.13965225219727,N,0.0,293.98587289496646,293.98587289496646,0.0,799,True
id1375130,1,2016-04-22 03:49:52,2016-04-22 03:54:59,1,-73.31204986572266,41.167816162109375,-73.31180572509764,41.16789627075195,N,0.0,77.25487668186572,77.27622059401638,0.0,307,True
id3230185,2,2016-03-15 19:39:48,2016-03-15 20:57:37,2,-73.9793701171875,40.75569152832031,-73.33280944824217,40.85445022583008,N,65.32509999999999,5.267527255674345,58.96071822448378,50.368464339258935,4669,True
id1128021,1,2016-04-22 03:44:17,2016-04-22 03:44:50,1,-73.31204223632812,41.16782379150391,-73.31204223632812,41.16782379150391,N,0.0,77.25591430676799,77.25591430676799,0.0,33,True
id1216866,1,2016-03-26 22:01:54,2016-03-27 00:47:16,1,-73.98149108886719,40.773250579833984,-76.1357192993164,40.24362564086913,N,48.252300000000005,7.024892304095094,187.9490825949472,17.507385607740375,9922,True
id0424393,2,2016-02-01 18:24:32,2016-02-01 19:12:17,1,-73.90863037109375,40.80611038208008,-73.50843811035155,41.07938003540039,N,88.6852,13.22769872207559,58.439716235082464,111.43690052356021,2865,True
id1868734,2,2016-06-19 03:40:28,2016-06-19 03:44:12,1,-74.72671508789062,40.09978866577149,-74.6631317138672,40.15374374389648,N,0.0,91.52167533140536,83.44327282911209,0.0,224,True
id2070062,1,2016-05-18 01:12:35,2016-05-18 01:12:54,1,-72.92437744140625,41.30128860473633,-72.92433929443358,41.30135345458984,N,0.0,112.0290169548423,112.03578851317005,0.0,19,True
id1737733,2,2016-06-27 07:59:17,2016-06-27 09:17:42,2,-73.98316192626953,40.74713134765625,-73.45439147949217,41.092811584472656,N,97.7243,4.272821849478291,62.77803428895474,74.77310945802338,4705,True
id3628988,1,2016-05-05 18:21:37,2016-05-05 18:30:45,1,-79.56973266601561,41.586273193359375,-80.35543060302734,42.09018325805664,N,38.726,476.9212759365289,552.3980658839027,254.40437956204377,548,True
id2017266,2,2016-01-08 17:56:22,2016-01-08 18:55:56,1,-73.78189086914062,40.644695281982415,-73.3639373779297,40.71242141723633,N,41.5457,20.400361038445645,54.25390932553216,41.84793508673754,3574,True
id2112321,1,2016-04-07 09:15:28,2016-04-07 09:18:01,2,-73.3752212524414,41.130977630615234,-73.3752212524414,41.130977630615234,N,0.0,70.56722064879152,70.56722064879152,0.0,153,True
id0205460,1,2016-01-10 16:46:16,2016-01-10 16:51:45,1,-65.89738464355469,39.45788192749024,-65.89738464355469,39.45788192749024,N,0.0,705.1840431429009,705.1840431429009,0.0,329,True
id0537881,1,2016-05-22 17:21:28,2016-05-22 17:21:53,1,-73.19525909423827,40.76510238647461,-73.19525909423827,40.765098571777344,N,0.0003,68.72586634234708,68.72583249302916,0.043199999999999995,25,True
id0169751,1,2016-01-28 00:11:01,2016-01-28 00:54:14,1,-73.8733139038086,40.77407836914063,-73.37782287597656,40.699573516845696,N,52.4206,13.110976878100605,53.10599815369952,72.77831083686849,2593,True
id2590417,2,2016-04-22 16:34:58,2016-04-22 18:16:51,1,-73.7822036743164,40.644962310791016,-73.566650390625,41.02856063842773,N,52.762800000000006,20.3647799018456,51.00313386848656,31.072481596597417,6113,True
id0895501,1,2016-01-26 10:24:44,2016-01-26 10:24:52,1,-73.37091064453125,41.12307357788086,-73.37091064453125,41.12307357788086,N,0.0,70.27114040189845,70.27114040189845,0.0,8,True
id3795134,1,2016-03-21 20:54:00,2016-03-22 01:43:23,3,-75.23832702636719,39.92302703857422,-73.92257690429686,40.610130310058594,N,41.1618,136.6061396140244,13.407265503671528,8.534382307204977,17363,True
id1005950,1,2016-04-02 22:00:03,2016-04-02 22:20:05,2,-76.96324157714844,38.9460334777832,-76.96324157714844,38.9460334777832,N,0.0,320.2319431349925,320.2319431349925,0.0,1202,True
id3073838,1,2016-03-13 05:10:05,2016-03-13 05:17:30,2,-79.48789978027342,40.73915863037109,-79.48789978027342,40.73915863037109,N,0.0,463.0595077528481,463.0595077528481,0.0,445,True
id0722344,1,2016-05-20 18:36:59,2016-05-20 18:37:08,1,-73.39971160888672,40.670555114746094,-73.39971160888672,40.670555114746094,Y,0.0,51.46131361547501,51.46131361547501,0.0,9,True
id3458201,2,2016-05-03 21:39:04,2016-05-03 22:42:51,1,-73.87632751464845,40.77214050292969,-73.28742218017578,41.13809967041016,N,85.84219999999999,12.781961799186004,76.77250861444999,80.75043637313821,3827,True
